,Stock(tickertape),Weightage(%),ySymbol,Symbol,Company Name
0,360 One Wam Ltd,0.11,360ONE,360ONE.NS,360 One Wam Limited
1,3M India Ltd,0.05,3MINDIA,3MINDIA.NS,3M India Limited
2,Aarti Industries Ltd,0.06,AARTIIND,AARTIIND.NS,Aarti Industries Limited
3,Aavas Financiers Ltd,0.05,AAVAS,AAVAS.NS,Aavas Financiers Limited
4,ABB India Ltd,0.21,ABB,ABB.NS,ABB India Limited
5,Abbott India Ltd,0.08,ABBOTINDIA,ABBOTINDIA.NS,Abbott India Limited
6,ACC Ltd,0.1,ACC,ACC.NS,ACC Limited
7,Action Construction Equipment Ltd,0.03,ACE,ACE.NS,Action Construction Equipment Limited
8,Adani Energy Solutions Ltd,0.16,ADANIENSOL,ADANIENSOL.NS,Adani Energy Solutions Limited
9,Adani Enterprises Ltd,0.36,ADANIENT,ADANIENT.NS,Adani Enterprises Limited
10,Adani Green Energy Ltd,0.32,ADANIGREEN,ADANIGREEN.NS,Adani Green Energy Limited
11,ADANI PORTS AND SPECIAL ECONOMIC ZONE LTD,0.63,ADANIPORTS,ADANIPORTS.NS,Adani Ports and Special Economic Zone Limited
12,Adani Power Ltd,0.38,ADANIPOWER,ADANIPOWER.NS,Adani Power Limited
13,Adani Total Gas Ltd,0.09,ATGL,ATGL.NS,Adani Total Gas Limited
14,Adani Wilmar Ltd,0.03,AWL,AWL.NS,Adani Wilmar Limited
15,Aditya Birla Capital Ltd,0.07,ABCAPITAL,ABCAPITAL.NS,Aditya Birla Capital Limited
16,Aditya Birla Fashion and Retail Ltd,0.07,ABFRL,ABFRL.NS,Aditya Birla Fashion and Retail Limited
17,Aegis Logistics Ltd,0.05,AEGISLOG,AEGISLOG.NS,Name not found
18,Aether Industries Ltd,0.01,AETHER,AETHER.NS,Aether Industries Limited
19,Affle (India) Ltd,0.05,AFFLE,AFFLE.NS,Affle (India) Limited
20,AIA Engineering Ltd,0.07,AIAENG,AIAENG.NS,AIA Engineering Limited
21,Ajanta Pharma Ltd,0.07,AJANTPHARM,AJANTPHARM.NS,Ajanta Pharma Limited
22,Alembic Pharmaceuticals Ltd,0.04,APLLTD,APLLTD.NS,Alembic Pharmaceuticals Limited
23,Alkem Laboratories Ltd,0.12,ALKEM,ALKEM.NS,Alkem Laboratories Limited
24,Alkyl Amines Chemicals Ltd,0.02,ALKYLAMINE,ALKYLAMINE.NS,Alkyl Amines Chemicals Limited
25,Allcargo Logistics Ltd,0.01,ALLCARGO,ALLCARGO.NS,Allcargo Logistics Limited
26,Alok Industries Ltd,0.02,ALOKINDS,ALOKINDS.NS,Alok Industries Limited
27,Amara Raja Energy & Mobility Ltd,0.08,ARE&M,ARE&M.NS,Amara Raja Energy & Mobility Limited
28,Amber Enterprises India Ltd,0.04,AMBER,AMBER.NS,Amber Enterprises India Limited
29,Ambuja Cements Ltd,0.23,AMBUJACEM,AMBUJACEM.NS,Ambuja Cements Limited
30,Anand Rathi Wealth Ltd,0.03,ANANDRATHI,ANANDRATHI.NS,Anand Rathi Wealth Limited
31,Angel One Ltd,0.06,ANGELONE,ANGELONE.NS,Angel One Limited
32,Anupam Rasayan India Ltd,0.01,ANURAS,ANURAS.NS,Anupam Rasayan India Ltd
33,Apar Industries Ltd,0.09,APARINDS,APARINDS.NS,APAR Industries Limited
34,APL Apollo Tubes Ltd,0.13,APLAPOLLO,APLAPOLLO.NS,APL Apollo Tubes Limited
35,Apollo Hospitals Enterprise Ltd,0.36,APOLLOHOSP,APOLLOHOSP.NS,Apollo Hospitals Enterprise Limited
36,Apollo Tyres Ltd,0.08,APOLLOTYRE,APOLLOTYRE.NS,Apollo Tyres Limited
37,Aptus Value Housing Finance India Ltd,0.04,APTUS,APTUS.NS,Aptus Value Housing Finance India Limited
38,Archean Chemical Industries Ltd,0.02,ACI,ACI.NS,Archean Chemical Industries Limited
39,Asahi India Glass Ltd,0.03,ASAHIINDIA,ASAHIINDIA.NS,Asahi India Glass Limited
40,Ashok Leyland Ltd,0.21,ASHOKLEY,ASHOKLEY.NS,Ashok Leyland Limited
41,ASIAN PAINTS LTD.,0.68,ASIANPAINT,ASIANPAINT.NS,Asian Paints Limited
42,Aster DM Healthcare Ltd,0.05,ASTERDM,ASTERDM.NS,Aster DM Healthcare Limited
43,Astral Ltd,0.12,ASTRAL,ASTRAL.NS,Astral Limited
44,Astrazeneca Pharma India Ltd,0.02,ASTRAZEN,ASTRAZEN.NS,AstraZeneca Pharma India Limited
45,Atul Ltd,0.06,ATUL,ATUL.NS,Atul Ltd
46,AU Small Finance Bank Ltd,0.16,AUBANK,AUBANK.NS,AU Small Finance Bank Limited
47,Aurobindo Pharma Ltd,0.22,AUROPHARMA,AUROPHARMA.NS,Aurobindo Pharma Limited
48,Avanti Feeds Ltd,0.01,AVANTIFEED,AVANTIFEED.NS,Avanti Feeds Limited
49,Avenue Supermarts Ltd,0.4,DMART,DMART.NS,Avenue Supermarts Limited
50,AXIS BANK LTD.,1.95,AXISBANK,AXISBANK.NS,Axis Bank Limited
51,BAJAJ AUTO LIMITED,0.71,BAJAJ-AUTO,BAJAJ-AUTO.NS,Bajaj Auto Limited
52,BAJAJ FINANCE LIMITED,1.02,BAJAJFINSV,BAJAJFINSV.NS,Bajaj Finserv Ltd.
53,Bajaj Finserv Ltd,0.54,BAJAJHLDNG,BAJAJHLDNG.NS,Bajaj Holdings & Investment Limited
54,Bajaj Holdings and Investment Ltd,0.22,BAJFINANCE,BAJFINANCE.NS,Bajaj Finance Limited
55,Balaji Amines Ltd,0.01,BALAMINES,BALAMINES.NS,Balaji Amines Limited
56,Balkrishna Industries Ltd,0.13,BALKRISIND,BALKRISIND.NS,Balkrishna Industries Limited
57,Balrampur Chini Mills Ltd,0.03,BALRAMCHIN,BALRAMCHIN.NS,Balrampur Chini Mills Limited
58,Bandhan Bank Ltd,0.09,BANDHANBNK,BANDHANBNK.NS,Bandhan Bank Limited
59,Bank of Baroda Ltd,0.22,BANKBARODA,BANKBARODA.NS,Bank of Baroda Limited
60,Bank of India Ltd,0.07,BANKINDIA,BANKINDIA.NS,Bank of India Limited
61,Bank of Maharashtra Ltd,0.03,MAHABANK,MAHABANK.NS,Bank of Maharashtra
62,Bata India Ltd,0.05,BATAINDIA,BATAINDIA.NS,Bata India Limited
63,Bayer Cropscience Ltd,0.04,BAYERCROP,BAYERCROP.NS,Bayer CropScience Limited
64,BEML Ltd,0.04,BEML,BEML.NS,BEML Limited
65,Berger Paints India Ltd,0.08,BERGEPAINT,BERGEPAINT.NS,Berger Paints India Limited
66,Bharat Dynamics Ltd,0.06,BDL,BDL.NS,Bharat Dynamics Limited
67,Bharat Electronics Ltd,0.51,BEL,BEL.NS,Bharat Electronics Limited
68,Bharat Forge Ltd,0.2,BHARATFORG,BHARATFORG.NS,Bharat Forge Limited
69,Bharat Heavy Electricals Ltd,0.18,BHEL,BHEL.NS,Bharat Heavy Electricals Limited
70,Bharat Petroleum Corporation Ltd,0.35,BPCL,BPCL.NS,Bharat Petroleum Corporation Limited
71,BHARTI AIRTEL  LTD.,2.0,BHARTIARTL,BHARTIARTL.NS,Bharti Airtel Limited
72,Bikaji Foods International Ltd,0.03,BIKAJI,BIKAJI.NS,Bikaji Foods International Limited
73,Biocon Ltd,0.08,BIOCON,BIOCON.NS,Biocon Limited
74,Birla Corporation Ltd,0.02,BIRLACORPN,BIRLACORPN.NS,Birla Corporation Limited
75,Birlasoft Ltd,0.05,BSOFT,BSOFT.NS,Birlasoft Limited
76,Bls International Services Ltd,0.02,BLS,BLS.NS,BLS International Services Limited
77,Blue Dart Express Ltd,0.03,BLUEDART,BLUEDART.NS,Blue Dart Express Limited
78,Blue Star Ltd,0.13,BLUESTARCO,BLUESTARCO.NS,Blue Star Limited
79,Bombay Burmah Trading Corporation Ltd,0.02,BBTC,BBTC.NS,"The Bombay Burmah Trading Corporation, Limited"
80,Borosil Renewables Ltd,0.01,BORORENEW,BORORENEW.NS,Borosil Renewables Limited
81,Bosch Ltd,0.15,BOSCHLTD,BOSCHLTD.NS,Bosch Limited
82,Brigade Enterprises Ltd,0.09,BRIGADE,BRIGADE.NS,Brigade Enterprises Limited
83,Britannia Industries Ltd,0.38,BRITANNIA,BRITANNIA.NS,Britannia Industries Limited
84,BSE Ltd,0.27,BSE,BSE.NS,BSE Limited
85,Campus Activewear Ltd,0.01,CAMPUS,CAMPUS.NS,Campus Activewear Limited
86,Can Fin Homes Ltd,0.04,CANFINHOME,CANFINHOME.NS,Can Fin Homes Limited
87,Canara Bank Ltd,0.18,CANBK,CANBK.NS,Canara Bank
88,Caplin Point Laboratories Ltd,0.02,CAPLIPOINT,CAPLIPOINT.NS,Caplin Point Laboratories Limited
89,Capri Global Capital Ltd,0.02,CGCL,CGCL.NS,Capri Global Capital Limited
90,Carborundum Universal Ltd,0.09,CARBORUNIV,CARBORUNIV.NS,Carborundum Universal Limited
91,Castrol India Ltd,0.06,CASTROLIND,CASTROLIND.NS,Castrol India Limited
92,CCL Products (India) Ltd,0.03,CCL,CCL.NS,CCL Products (India) Limited
93,CE Info Systems Ltd,0.01,MAPMYINDIA,MAPMYINDIA.NS,C. E. Info Systems Limited
94,CEAT Ltd,0.06,CEATLTD,CEATLTD.NS,CEAT Limited
95,Cello World Ltd,0.02,CELLO,CELLO.NS,Cello World Limited
96,Central Bank of India Ltd,0.02,CENTRALBK,CENTRALBK.NS,Central Bank of India
97,Central Depository Services (India) Ltd,0.16,CDSL,CDSL.NS,Central Depository Services (India) Limited
98,Century Plyboards (India) Ltd,0.03,CENTURYPLY,CENTURYPLY.NS,Century Plyboards (India) Limited
99,Century Textiles and Industries Ltd,0.07,CENTURYTEX,CENTURYTEX.NS,Aditya Birla Real Estate Limited
100,Cera Sanitaryware Ltd,0.02,CERA,CERA.NS,Cera Sanitaryware Limited
101,CESC Ltd,0.12,CESC,CESC.NS,CESC Limited
102,CG Power and Industrial Solutions Ltd,0.24,CGPOWER,CGPOWER.NS,CG Power and Industrial Solutions Limited
103,Chalet Hotels Ltd,0.03,CHALET,CHALET.NS,Chalet Hotels Limited
104,Chambal Fertilisers and Chemicals Ltd,0.04,CHAMBLFERT,CHAMBLFERT.NS,Chambal Fertilisers and Chemicals Limited
105,Chemplast Sanmar Ltd,0.02,CHEMPLASTS,CHEMPLASTS.NS,Chemplast Sanmar Limited
106,Chennai Petroleum Corporation Ltd,0.02,CHENNPETRO,CHENNPETRO.NS,Chennai Petroleum Corporation Limited
107,Cholamandalam Financial Holdings Ltd,0.1,CHOLAFIN,CHOLAFIN.NS,Cholamandalam Investment and Finance Company Limited
108,Cholamandalam Investment and Finance Company Ltd,0.35,CHOLAHLDNG,CHOLAHLDNG.NS,Cholamandalam Financial Holdings Limited
109,CIE Automotive India Ltd,0.04,CIEINDIA,CIEINDIA.NS,CIE Automotive India Limited
110,Cipla Ltd,0.47,CIPLA,CIPLA.NS,Cipla Limited
111,City Union Bank Ltd,0.06,CUB,CUB.NS,City Union Bank Limited
112,Clean Science and Technology Ltd,0.02,CLEAN,CLEAN.NS,Clean Science and Technology Limited
113,Coal India Ltd,0.58,COALINDIA,COALINDIA.NS,Coal India Limited
114,Cochin Shipyard Ltd,0.06,COCHINSHIP,COCHINSHIP.NS,Cochin Shipyard Limited
115,Coforge Ltd,0.24,COFORGE,COFORGE.NS,Coforge Limited
116,Colgate-Palmolive (India) Ltd,0.25,COLPAL,COLPAL.NS,Colgate-Palmolive (India) Limited
117,Computer Age Management Services Ltd,0.11,CAMS,CAMS.NS,Computer Age Management Services Limited
118,Concord Biotech Ltd,0.03,CONCORDBIO,CONCORDBIO.NS,Concord Biotech Limited
119,Container Corporation of India Ltd,0.13,CONCOR,CONCOR.NS,Container Corporation of India Limited
120,Coromandel International Ltd,0.11,COROMANDEL,COROMANDEL.NS,Coromandel International Limited
121,Craftsman Automation Ltd,0.04,CRAFTSMAN,CRAFTSMAN.NS,Craftsman Automation Limited
122,CreditAccess Grameen Ltd,0.03,CREDITACC,CREDITACC.NS,CreditAccess Grameen Limited
123,CRISIL Ltd,0.05,CRISIL,CRISIL.NS,CRISIL Limited
124,Crompton Greaves Consumer Electricals Ltd,0.15,CROMPTON,CROMPTON.NS,Crompton Greaves Consumer Electricals Limited
125,CSB Bank Ltd,0.01,CSBBANK,CSBBANK.NS,CSB Bank Limited
126,Cummins India Ltd,0.27,CUMMINSIND,CUMMINSIND.NS,Cummins India Limited
127,Cyient Ltd,0.09,CYIENT,CYIENT.NS,Cyient Limited
128,Dabur India Ltd,0.19,DABUR,DABUR.NS,Dabur India Limited
129,Dalmia Bharat Ltd,0.07,DALBHARAT,DALBHARAT.NS,Dalmia Bharat Limited
130,Data Patterns (India) Ltd,0.03,DATAPATTNS,DATAPATTNS.NS,Data Patterns (India) Limited
131,DCM Shriram Ltd,0.02,DCMSHRIRAM,DCMSHRIRAM.NS,DCM Shriram Limited
132,Deepak Fertilisers and Petrochemicals Corp Ltd,0.04,DEEPAKFERT,DEEPAKFERT.NS,Deepak Fertilisers And Petrochemicals Corporation Limited
133,Deepak Nitrite Ltd,0.1,DEEPAKNTR,DEEPAKNTR.NS,Deepak Nitrite Limited
134,Delhivery Ltd,0.11,DELHIVERY,DELHIVERY.NS,Delhivery Limited
135,Devyani International Ltd,0.04,DEVYANI,DEVYANI.NS,Devyani International Limited
136,Divi's Laboratories Ltd,0.36,DIVISLAB,DIVISLAB.NS,Divi's Laboratories Limited
137,Dixon Technologies (India) Ltd,0.24,DIXON,DIXON.NS,Dixon Technologies (India) Limited
138,DLF Ltd,0.29,DLF,DLF.NS,DLF Limited
139,Doms Industries Ltd,0.02,DOMS,DOMS.NS,DOMS Industries Limited
140,Dr Reddy's Laboratories Ltd,0.4,DRREDDY,DRREDDY.NS,Dr. Reddy's Laboratories Limited
141,Dr. Lal PathLabs Ltd,0.06,LALPATHLAB,LALPATHLAB.NS,Dr. Lal PathLabs Limited
142,E I D-Parry (India) Ltd,0.04,EIDPARRY,EIDPARRY.NS,E.I.D.- Parry (India) Limited
143,Easy Trip Planners Ltd,0.01,EASEMYTRIP,EASEMYTRIP.NS,Easy Trip Planners Limited
144,eClerx Services Limited,0.03,ECLERX,ECLERX.NS,eClerx Services Limited
145,Eicher Motors Ltd,0.34,EICHERMOT,EICHERMOT.NS,Eicher Motors Limited
146,EIH Ltd,0.04,EIHOTEL,EIHOTEL.NS,EIH Limited
147,Elecon Engineering Company Ltd,0.03,ELECON,ELECON.NS,Elecon Engineering Company Limited
148,Elgi Equipments Ltd,0.06,ELGIEQUIP,ELGIEQUIP.NS,Elgi Equipments Limited
149,Emami Ltd,0.07,EMAMILTD,EMAMILTD.NS,Emami Limited
150,Endurance Technologies Ltd,0.04,ENDURANCE,ENDURANCE.NS,Endurance Technologies Limited
151,Engineers India Ltd,0.03,ENGINERSIN,ENGINERSIN.NS,Engineers India Limited
152,EPL Ltd,0.02,EPL,EPL.NS,EPL Limited
153,Equitas Small Finance Bank Ltd,0.04,EQUITASBNK,EQUITASBNK.NS,Equitas Small Finance Bank Limited
154,Eris Lifesciences Ltd,0.03,ERIS,ERIS.NS,Eris Lifesciences Limited
155,Escorts Kubota Ltd,0.05,ESCORTS,ESCORTS.NS,Escorts Kubota Limited
156,Exide Industries Ltd,0.1,EXIDEIND,EXIDEIND.NS,Exide Industries Limited
157,F D C Ltd,0.01,FDC,FDC.NS,FDC Limited
158,Federal Bank Ltd,0.21,FEDERALBNK,FEDERALBNK.NS,The Federal Bank Limited
159,Fertilisers And Chemicals Travancore Ltd,0.34,FACT,FACT.NS,The Fertilisers and Chemicals Travancore Limited
160,Fine Organic Industries Ltd,0.02,FINEORG,FINEORG.NS,Fine Organic Industries Limited
161,Finolex Cables Ltd,0.05,FINCABLES,FINCABLES.NS,Finolex Cables Limited
162,Finolex Industries Ltd,0.04,FINPIPE,FINPIPE.NS,Finolex Industries Limited
163,Firstsource Solutions Ltd,0.05,FSL,FSL.NS,Firstsource Solutions Limited
164,Five-Star Business Finance Ltd,0.08,FIVESTAR,FIVESTAR.NS,Five-Star Business Finance Limited
165,Fortis Healthcare Ltd,0.15,FORTIS,FORTIS.NS,Fortis Healthcare Limited
166,Fsn E-Commerce Ventures Ltd,0.11,NYKAA,NYKAA.NS,FSN E-Commerce Ventures Limited
167,Gail (India) Ltd,0.31,GAIL,GAIL.NS,GAIL (India) Limited
168,Garden Reach Shipbuilders & Engineers Ltd,0.03,GRSE,GRSE.NS,Garden Reach Shipbuilders & Engineers Limited
169,General Insurance Corporation of India,0.06,GICRE,GICRE.NS,General Insurance Corporation of India
170,GILLETTE INDIA LTD.,0.03,GILLETTE,GILLETTE.NS,Gillette India Limited
171,Gland Pharma Ltd,0.07,GLAND,GLAND.NS,Gland Pharma Limited
172,GlaxoSmithKline Pharmaceuticals Ltd,0.06,GLAXO,GLAXO.NS,GlaxoSmithKline Pharmaceuticals Limited
173,Glenmark Life Sciences Ltd,0.02,GLENMARK,GLENMARK.NS,Glenmark Pharmaceuticals Limited
174,Glenmark Pharmaceuticals Ltd,0.12,GLS,GLS.NS,Glenmark Life Sciences Limited
175,Global Health Ltd,0.05,MEDANTA,MEDANTA.NS,Global Health Limited
176,GMM Pfaudler Ltd,0.02,GMMPFAUDLR,GMMPFAUDLR.NS,GMM Pfaudler Limited
177,GMR Airports Ltd,0.27,GMRINFRA,GMRINFRA.NS,GMR Airports Limited
178,Godawari Power and Ispat Ltd,0.02,GPIL,GPIL.NS,Godawari Power & Ispat Limited
179,Godfrey Phillips India Ltd,0.05,GODFRYPHLP,GODFRYPHLP.NS,Godfrey Phillips India Limited
180,Godrej Consumer Products Ltd,0.27,GODREJCP,GODREJCP.NS,Godrej Consumer Products Limited
181,Godrej Industries Ltd,0.04,GODREJIND,GODREJIND.NS,Godrej Industries Limited
182,Godrej Properties Ltd,0.15,GODREJPROP,GODREJPROP.NS,Godrej Properties Limited
183,Granules India Ltd,0.04,GRANULES,GRANULES.NS,Granules India Limited
184,Graphite India Ltd,0.02,GRAPHITE,GRAPHITE.NS,Graphite India Limited
185,Grasim Industries Ltd,0.42,GRASIM,GRASIM.NS,Grasim Industries Limited
186,Great Eastern Shipping Company Ltd,0.06,GESHIP,GESHIP.NS,The Great Eastern Shipping Company Limited
187,Grindwell Norton Ltd,0.06,GRINDWELL,GRINDWELL.NS,Grindwell Norton Limited
188,Gujarat Ambuja Exports Ltd,0.01,GAEL,GAEL.NS,Gujarat Ambuja Exports Limited
189,Gujarat Fluorochemicals Ltd,0.08,FLUOROCHEM,FLUOROCHEM.NS,Gujarat Fluorochemicals Limited
190,Gujarat Gas Ltd,0.06,GUJGASLTD,GUJGASLTD.NS,Gujarat Gas Limited
191,Gujarat Narmada Valley Fertilizers & Chemicals Ltd,0.03,GNFC,GNFC.NS,Gujarat Narmada Valley Fertilizers & Chemicals Limited
192,Gujarat Mineral Development Corporation Ltd,0.02,GMDCLTD,GMDCLTD.NS,Gujarat Mineral Development Corporation Limited
193,Gujarat Pipavav Port Ltd,0.03,GPPL,GPPL.NS,Gujarat Pipavav Port Limited
194,Gujarat State Fertilizers & Chemicals Ltd,0.03,GSFC,GSFC.NS,Gujarat State Fertilizers & Chemicals Limited
195,Gujarat State Petronet Ltd,0.06,GSPL,GSPL.NS,Gujarat State Petronet Limited
196,Happiest Minds Technologies Ltd,0.03,HAPPSTMNDS,HAPPSTMNDS.NS,Happiest Minds Technologies Limited
197,Happy Forgings Ltd,0.01,HAPPYFORGE,HAPPYFORGE.NS,Name not found
198,Havells India Ltd,0.23,HAVELLS,HAVELLS.NS,Havells India Limited
199,HBL Power Systems Ltd,0.08,HBLPOWER,HBLPOWER.NS,HBL Power Systems Limited
200,HCL TECHNOLOGIES LTD,0.96,HCLTECH,HCLTECH.NS,HCL Technologies Limited
201,HDFC Asset Management Company Ltd,0.22,HDFCAMC,HDFCAMC.NS,HDFC Asset Management Company Limited
202,HDFC BANK LTD.,6.61,HDFCBANK,HDFCBANK.NS,HDFC Bank Limited
203,HDFC Life Insurance Company Ltd,0.34,HDFCLIFE,HDFCLIFE.NS,HDFC Life Insurance Company Limited
204,HEG Ltd,0.02,HEG,HEG.NS,HEG Limited
205,Hero MotoCorp Ltd,0.39,HEROMOTOCO,HEROMOTOCO.NS,Hero MotoCorp Limited
206,HFCL Ltd,0.07,HFCL,HFCL.NS,HFCL Limited
207,Himadri Speciality Chemical Ltd,0.07,HSCL,HSCL.NS,Himadri Speciality Chemical Limited
208,Hindalco Industries Ltd,0.5,HINDALCO,HINDALCO.NS,Hindalco Industries Limited
209,Hindustan Aeronautics Ltd,0.44,HAL,HAL.NS,Hindustan Aeronautics Limited
210,Hindustan Copper Ltd,0.05,HINDCOPPER,HINDCOPPER.NS,Hindustan Copper Limited
211,Hindustan Petroleum Corp Ltd,0.2,HINDPETRO,HINDPETRO.NS,Hindustan Petroleum Corporation Limited
212,"HINDUSTAN UNILEVER LTD.,",1.33,HINDUNILVR,HINDUNILVR.NS,Hindustan Unilever Limited
213,Hindustan Zinc Ltd,0.06,HINDZINC,HINDZINC.NS,Hindustan Zinc Limited
214,Hitachi Energy India Ltd,0.07,POWERINDIA,POWERINDIA.NS,Hitachi Energy India Limited
215,Home First Finance Company India Ltd,0.03,HOMEFIRST,HOMEFIRST.NS,Home First Finance Company India Limited
216,Honasa Consumer Ltd,0.05,HONASA,HONASA.NS,Honasa Consumer Limited
217,Honeywell Automation India Ltd,0.06,HONAUT,HONAUT.NS,Honeywell Automation India Limited
218,Housing and Urban Development Corporation Ltd,0.03,HUDCO,HUDCO.NS,Housing and Urban Development Corporation Limited
219,ICICI BANK LTD.,4.62,ICICIBANK,ICICIBANK.NS,ICICI Bank Limited
220,ICICI Lombard General Insurance Company Ltd,0.25,ICICIGI,ICICIGI.NS,ICICI Lombard General Insurance Company Limited
221,ICICI Prudential Life Insurance Company Ltd,0.14,ICICIPRULI,ICICIPRULI.NS,ICICI Prudential Life Insurance Company Limited
222,ICICI Securities Ltd,0.04,ISEC,ISEC.NS,ICICI Securities Limited
223,IDBI Bank Ltd,0.27,IDBI,IDBI.NS,IDBI Bank Limited
224,IDFC First Bank Ltd,0.15,IDFCFIRSTB,IDFCFIRSTB.NS,IDFC First Bank Limited
225,IDFC Ltd,0.07,IDFC,IDFC.NS,IDFC Limited
226,IIFL Finance Ltd,0.06,IIFL,IIFL.NS,IIFL Finance Limited
227,India Cements Ltd,0.03,INDIACEM,INDIACEM.NS,The India Cements Limited
228,Indiamart Intermesh Ltd,0.04,INDIAMART,INDIAMART.NS,IndiaMART InterMESH Limited
229,Indian Bank,0.09,INDIANB,INDIANB.NS,Indian Bank
230,Indian Energy Exchange Ltd,0.09,IEX,IEX.NS,Indian Energy Exchange Limited
231,Indian Hotels Company Ltd,0.3,INDHOTEL,INDHOTEL.NS,The Indian Hotels Company Limited
232,Indian Oil Corporation Ltd,0.33,IOC,IOC.NS,Indian Oil Corporation Limited
233,Indian Overseas Bank,0.02,IOB,IOB.NS,Indian Overseas Bank
234,Indian Railway Catering and Tourism Corporation Ltd,0.14,IRCTC,IRCTC.NS,Indian Railway Catering & Tourism Corporation Limited
235,Indian Railway Finance Corp Ltd,0.15,IRFC,IRFC.NS,Indian Railway Finance Corporation Limited
236,Indigo Paints Ltd,0.02,INDIGOPNTS,INDIGOPNTS.NS,Indigo Paints Limited
237,Indraprastha Gas Ltd,0.1,IGL,IGL.NS,Indraprastha Gas Limited
238,Indus Towers Ltd,0.28,INDUSTOWER,INDUSTOWER.NS,Indus Towers Limited
239,Indusind Bank Ltd,0.47,INDUSINDBK,INDUSINDBK.NS,IndusInd Bank Limited
240,Info Edge (India) Ltd,0.28,NAUKRI,NAUKRI.NS,Info Edge (India) Limited
241,INFOSYS LTD,3.44,INFY,INFY.NS,Infosys Limited
242,Inox Wind Ltd,0.07,INOXWIND,INOXWIND.NS,Inox Wind Limited
243,Intellect Design Arena Ltd,0.04,INTELLECT,INTELLECT.NS,Intellect Design Arena Limited
244,Interglobe Aviation Ltd,0.48,INDIGO,INDIGO.NS,InterGlobe Aviation Limited
245,IPCA Laboratories Ltd,0.1,IPCALAB,IPCALAB.NS,Ipca Laboratories Limited
246,IRB Infrastructure Developers Ltd,0.06,IRB,IRB.NS,IRB Infrastructure Developers Limited
247,Ircon International Ltd,0.04,IRCON,IRCON.NS,Ircon International Limited
248,ITC LTD,2.37,ITC,ITC.NS,ITC Limited
249,ITI Ltd,0.0,ITI,ITI.NS,ITI Limited
250,J B Chemicals and Pharmaceuticals Ltd,0.07,JBCHEPHARM,JBCHEPHARM.NS,J. B. Chemicals & Pharmaceuticals Limited
251,J K Papers Ltd,0.02,JKPAPER,JKPAPER.NS,JK Paper Limited
252,J K Cement Ltd,0.08,JKCEMENT,JKCEMENT.NS,J.K. Cement Limited
253,Jai Balaji Industries Ltd,0.02,JAIBALAJI,JAIBALAJI.NS,Jai Balaji Industries Limited
254,Jammu and Kashmir Bank Ltd,0.02,J&KBANK,J&KBANK.NS,The Jammu and Kashmir Bank Limited
255,JBM Auto Ltd,0.02,JBMA,JBMA.NS,JBM Auto Limited
256,Jindal SAW Ltd,0.04,JINDALSAW,JINDALSAW.NS,Jindal Saw Limited
257,Jindal Stainless Ltd,0.12,JSL,JSL.NS,Jindal Stainless Limited
258,Jindal Steel And Power Ltd,0.2,JINDALSTEL,JINDALSTEL.NS,Jindal Steel & Power Limited
259,Jio Financial Services Ltd,0.59,JIOFIN,JIOFIN.NS,Jio Financial Services Limited
260,JK Lakshmi Cement Ltd,0.02,JKLAKSHMI,JKLAKSHMI.NS,JK Lakshmi Cement Limited
261,JM Financial Ltd,0.05,JMFINANCIL,JMFINANCIL.NS,JM Financial Limited
262,JSW Energy Ltd,0.21,JSWENERGY,JSWENERGY.NS,JSW Energy Limited
263,JSW Infrastructure Ltd,0.04,JSWINFRA,JSWINFRA.NS,JSW Infrastructure Limited
264,JSW Steel Ltd,0.43,JSWSTEEL,JSWSTEEL.NS,JSW Steel Limited
265,Jubilant Foodworks Ltd,0.13,JUBLFOOD,JUBLFOOD.NS,Jubilant FoodWorks Limited
266,Jubilant Ingrevia Ltd,0.03,JUBLINGREA,JUBLINGREA.NS,Jubilant Ingrevia Limited
267,Jubilant Pharmova Ltd,0.03,JUBLPHARMA,JUBLPHARMA.NS,Jubilant Pharmova Limited
268,Jupiter Wagons Ltd,0.03,JWL,JWL.NS,Jupiter Wagons Limited
269,Just Dial Ltd,0.01,JUSTDIAL,JUSTDIAL.NS,Just Dial Limited
270,Jyothy Labs Ltd,0.03,JYOTHYLAB,JYOTHYLAB.NS,Jyothy Labs Limited
271,Kajaria Ceramics Ltd,0.06,KAJARIACER,KAJARIACER.NS,Kajaria Ceramics Limited
272,Kalpataru Projects International Ltd,0.07,KPIL,KPIL.NS,Kalpataru Projects International Limited
273,Kalyan Jewellers India Ltd,0.11,KALYANKJIL,KALYANKJIL.NS,Kalyan Jewellers India Limited
274,Kansai Nerolac Paints Ltd,0.03,KANSAINER,KANSAINER.NS,Kansai Nerolac Paints Limited
275,Karur Vysya Bank Ltd,0.09,KARURVYSYA,KARURVYSYA.NS,The Karur Vysya Bank Limited
276,Kaynes Technology India Ltd,0.07,KAYNES,KAYNES.NS,Kaynes Technology India Limited
277,KEC International Ltd,0.13,KEC,KEC.NS,KEC International Limited
278,KEI Industries Ltd,0.13,KEI,KEI.NS,KEI Industries Limited
279,Kfin Technologies Ltd,0.05,KFINTECH,KFINTECH.NS,KFin Technologies Limited
280,KNR Constructions Ltd,0.02,KNRCON,KNRCON.NS,KNR Constructions Limited
281,KOTAK MAHINDRA BANK LTD.,1.35,KOTAKBANK,KOTAKBANK.NS,Kotak Mahindra Bank Limited
282,KPIT Technologies Ltd,0.13,KPITTECH,KPITTECH.NS,KPIT Technologies Limited
283,KPR Mill Ltd,0.04,KPRMILL,KPRMILL.NS,K.P.R. Mill Limited
284,KRBL Ltd,0.01,KRBL,KRBL.NS,KRBL Limited
285,Krishna Institute of Medical Sciences Ltd,0.06,KIMS,KIMS.NS,Krishna Institute of Medical Sciences Limited
286,KSB Ltd,0.02,KSB,KSB.NS,KSB Limited
287,L&T Finance Ltd,0.07,LTF,LTF.NS,L&T Finance Limited
288,L&T Technology Services Ltd,0.08,LTTS,LTTS.NS,L&T Technology Services Limited
289,LARSEN & TOUBRO LIMITED,2.23,LT,LT.NS,Larsen & Toubro Limited
290,Latent View Analytics Ltd,0.01,LATENTVIEW,LATENTVIEW.NS,Latent View Analytics Limited
291,Laurus Labs Ltd,0.09,LAURUSLABS,LAURUSLABS.NS,Laurus Labs Limited
292,Laxmi Organic Industries Ltd,0.01,LXCHEM,LXCHEM.NS,Laxmi Organic Industries Limited
293,Lemon Tree Hotels Ltd,0.03,LEMONTREE,LEMONTREE.NS,Lemon Tree Hotels Limited
294,LIC Housing Finance Ltd,0.19,LICHSGFIN,LICHSGFIN.NS,LIC Housing Finance Limited
295,Life Insurance Corporation Of India,0.12,LICI,LICI.NS,Life Insurance Corporation of India
296,Linde India Ltd,0.08,LINDEINDIA,LINDEINDIA.NS,Linde India Limited
297,Lloyds Metals And Energy Ltd,0.04,LLOYDSME,LLOYDSME.NS,Lloyds Metals and Energy Limited
298,LTIMindtree Ltd,0.31,LTIM,LTIM.NS,LTIMindtree Limited
299,Lupin Ltd,0.28,LUPIN,LUPIN.NS,Lupin Limited
300,Macrotech Developers Ltd,0.19,LODHA,LODHA.NS,Macrotech Developers Limited
301,Mahanagar Gas Ltd,0.06,MGL,MGL.NS,Mahanagar Gas Limited
302,Maharashtra Seamless Ltd,0.01,MAHSEAMLES,MAHSEAMLES.NS,Maharashtra Seamless Limited
303,MAHINDRA & MAHINDRA LTD.,1.35,M&M,M&M.NS,Mahindra & Mahindra Limited
304,Mahindra and Mahindra Financial Services Ltd,0.1,M&MFIN,M&MFIN.NS,Mahindra & Mahindra Financial Services Limited
305,Mahindra Holidays and Resorts India Ltd,0.01,MHRIL,MHRIL.NS,Mahindra Holidays & Resorts India Limited
306,Mahindra Lifespace Developers Ltd,0.02,MAHLIFE,MAHLIFE.NS,Mahindra Lifespace Developers Limited
307,Manappuram Finance Ltd,0.06,MANAPPURAM,MANAPPURAM.NS,Manappuram Finance Limited
308,Mangalore Refinery and Petrochemicals Ltd,0.02,MRPL,MRPL.NS,Mangalore Refinery and Petrochemicals Limited
309,Mankind Pharma Ltd,0.12,MANKIND,MANKIND.NS,Mankind Pharma Limited
310,Marico Ltd,0.19,MARICO,MARICO.NS,Marico Limited
311,MARUTI SUZUKI INDIA  LTD.,0.84,MARUTI,MARUTI.NS,Maruti Suzuki India Limited
312,Mastek Ltd,0.02,MASTEK,MASTEK.NS,Mastek Limited
313,Max Financial Services Ltd,0.2,MFSL,MFSL.NS,Max Financial Services Limited
314,Max Healthcare Institute Ltd,0.37,MAXHEALTH,MAXHEALTH.NS,Max Healthcare Institute Limited
315,Mazagon Dock Shipbuilders Ltd,0.07,MAZDOCK,MAZDOCK.NS,Mazagon Dock Shipbuilders Limited
316,MedPlus Health Services Ltd,0.02,MEDPLUS,MEDPLUS.NS,MedPlus Health Services Limited
317,Metro Brands Ltd,0.02,METROBRAND,METROBRAND.NS,Metro Brands Limited
318,Metropolis Healthcare Ltd,0.03,METROPOLIS,METROPOLIS.NS,Metropolis Healthcare Limited
319,Minda Corporation Ltd,0.02,MINDACORP,MINDACORP.NS,Minda Corporation Limited
320,MMTC Ltd,0.01,MMTC,MMTC.NS,MMTC Limited
321,Motherson Sumi Wiring India Ltd,0.06,MSUMI,MSUMI.NS,Motherson Sumi Wiring India Limited
322,Motilal Oswal Financial Services Ltd,0.11,MOTILALOFS,MOTILALOFS.NS,Motilal Oswal Financial Services Limited
323,Mphasis Ltd,0.17,MPHASIS,MPHASIS.NS,Mphasis Limited
324,MRF Ltd,0.15,MRF,MRF.NS,MRF Limited
325,MTAR Technologies Ltd,0.02,MTARTECH,MTARTECH.NS,MTAR Technologies Limited
326,Multi Commodity Exchange of India Ltd,0.13,MCX,MCX.NS,Multi Commodity Exchange of India Limited
327,Muthoot Finance Ltd,0.11,MUTHOOTFIN,MUTHOOTFIN.NS,Muthoot Finance Limited
328,Narayana Hrudayalaya Ltd,0.05,NH,NH.NS,Narayana Hrudayalaya Limited
329,Natco Pharma Ltd,0.07,NATCOPHARM,NATCOPHARM.NS,NATCO Pharma Limited
330,National Aluminium Co Ltd,0.09,NATIONALUM,NATIONALUM.NS,National Aluminium Company Limited
331,Navin Fluorine International Ltd,0.06,NAVINFLUOR,NAVINFLUOR.NS,Navin Fluorine International Limited
332,NBCC (India) Ltd,0.06,NBCC,NBCC.NS,NBCC (India) Limited
333,NCC Ltd,0.07,NCC,NCC.NS,NCC Limited
334,Nestle India Ltd,0.48,NESTLEIND,NESTLEIND.NS,Nestlé India Limited
335,Network18 Media & Investments Ltd,0.01,NETWORK18,NETWORK18.NS,Network18 Media & Investments Limited
336,New India Assurance Company Ltd,0.03,NIACL,NIACL.NS,The New India Assurance Company Limited
337,NHPC Ltd,0.15,NHPC,NHPC.NS,NHPC Limited
338,Nippon Life India Asset Management Ltd,0.06,NAM-INDIA,NAM-INDIA.NS,Nippon Life India Asset Management Limited
339,NLC India Ltd,0.05,NLCINDIA,NLCINDIA.NS,NLC India Limited
340,NMDC Ltd,0.13,NMDC,NMDC.NS,NMDC Limited
341,NMDC Steel Ltd,0.03,NSLNISP,NSLNISP.NS,NMDC Steel Limited
342,NTPC LIMITED,0.99,NTPC,NTPC.NS,NTPC Limited
343,Nuvama Wealth Management Ltd,0.03,NUVAMA,NUVAMA.NS,Nuvama Wealth Management Limited
344,Nuvoco Vistas Corporation Ltd,0.02,NUVOCO,NUVOCO.NS,Nuvoco Vistas Corporation Limited
345,Oberoi Realty Ltd,0.11,OBEROIRLTY,OBEROIRLTY.NS,Oberoi Realty Limited
346,OIL AND NATURAL GAS CORPORATION LTD,0.59,ONGC,ONGC.NS,Oil and Natural Gas Corporation Limited
347,Oil India Ltd,0.17,OIL,OIL.NS,Oil India Limited
348,Olectra Greentech Ltd,0.04,OLECTRA,OLECTRA.NS,Olectra Greentech Limited
349,One 97 Communications Ltd,0.1,PAYTM,PAYTM.NS,One97 Communications Limited
350,Oracle Financial Services Software Ltd,0.14,OFSS,OFSS.NS,Oracle Financial Services Software Limited
351,Page Industries Ltd,0.12,PAGEIND,PAGEIND.NS,Page Industries Limited
352,Patanjali Foods Ltd,0.09,PATANJALI,PATANJALI.NS,Patanjali Foods Limited
353,PB Fintech Ltd,0.29,POLICYBZR,POLICYBZR.NS,PB Fintech Limited
354,PCBL Ltd,0.05,PCBL,PCBL.NS,PCBL Limited
355,Persistent Systems Ltd,0.28,PERSISTENT,PERSISTENT.NS,Persistent Systems Limited
356,Petronet LNG Ltd,0.13,PETRONET,PETRONET.NS,Petronet LNG Limited
357,Phoenix Mills Ltd,0.17,PHOENIXLTD,PHOENIXLTD.NS,The Phoenix Mills Limited
358,PI Industries Ltd,0.2,PIIND,PIIND.NS,PI Industries Limited
359,Pidilite Industries Ltd,0.24,PIDILITIND,PIDILITIND.NS,Pidilite Industries Limited
360,Piramal Enterprises Ltd,0.06,PEL,PEL.NS,Piramal Enterprises Limited
361,Piramal Pharma Ltd,0.07,PPLPHARMA,PPLPHARMA.NS,Piramal Pharma Limited
362,PNB Housing Finance Ltd,0.02,PNBHOUSING,PNBHOUSING.NS,PNB Housing Finance Limited
363,PNC Infratech Ltd,0.03,PNCINFRA,PNCINFRA.NS,PNC Infratech Limited
364,Poly Medicure Ltd,0.04,POLYMED,POLYMED.NS,Poly Medicure Limited
365,Polycab India Ltd,0.16,POLYCAB,POLYCAB.NS,Polycab India Limited
366,Poonawalla Fincorp Ltd,0.05,POONAWALLA,POONAWALLA.NS,Poonawalla Fincorp Limited
367,Power Finance Corporation Ltd,0.37,PFC,PFC.NS,Power Finance Corporation Limited
368,POWER GRID CORPORATION OF INDIA LIMITED,0.79,POWERGRID,POWERGRID.NS,Power Grid Corporation of India Limited
369,Praj Industries Ltd,0.05,PRAJIND,PRAJIND.NS,Praj Industries Limited
370,Prestige Estates Projects Ltd,0.15,PRESTIGE,PRESTIGE.NS,Prestige Estates Projects Limited
371,Prince Pipes and Fittings Ltd,0.01,PRINCEPIPE,PRINCEPIPE.NS,Prince Pipes and Fittings Limited
372,Prism Johnson Ltd,0.01,PRSMJOHNSN,PRSMJOHNSN.NS,Prism Johnson Limited
373,Procter & Gamble Hygiene and Health Care Ltd,0.08,PGHH,PGHH.NS,Procter & Gamble Hygiene and Health Care Limited
374,Punjab National Bank,0.17,PNB,PNB.NS,Punjab National Bank
375,PVR INOX Ltd,0.06,PVRINOX,PVRINOX.NS,PVR INOX Limited
376,Quess Corp Ltd,0.02,QUESS,QUESS.NS,Quess Corp Limited
377,R R Kabel Ltd,0.02,RRKABEL,RRKABEL.NS,R R Kabel Limited
378,Radico Khaitan Ltd,0.08,RADICO,RADICO.NS,Radico Khaitan Limited
379,Rail Vikas Nigam Ltd,0.16,RVNL,RVNL.NS,Rail Vikas Nigam Limited
380,Railtel Corporation of India Ltd,0.02,RAILTEL,RAILTEL.NS,RailTel Corporation of India Limited
381,Rainbow Children's Medicare Ltd,0.03,RAINBOW,RAINBOW.NS,Rainbow Children's Medicare Limited
382,Rajesh Exports Ltd,0.01,RAJESHEXPO,RAJESHEXPO.NS,Rajesh Exports Limited
383,Ramco Cements Limited,0.05,RAMCOCEM,RAMCOCEM.NS,The Ramco Cements Limited
384,Ramkrishna Forgings Ltd,0.04,RKFORGE,RKFORGE.NS,Ramkrishna Forgings Limited
385,Rashtriya Chemicals and Fertilizers Ltd,0.01,RCF,RCF.NS,Rashtriya Chemicals and Fertilizers Limited
386,Ratnamani Metals and Tubes Ltd,0.04,RATNAMANI,RATNAMANI.NS,Ratnamani Metals & Tubes Limited
387,Rattanindia Enterprises Ltd,0.01,RTNINDIA,RTNINDIA.NS,RattanIndia Enterprises Limited
388,Raymond Ltd,0.03,RAYMOND,RAYMOND.NS,Raymond Limited
389,RBL Bank Ltd,0.05,RBLBANK,RBLBANK.NS,RBL Bank Limited
390,REC Limited,0.35,RECLTD,RECLTD.NS,REC Limited
391,Redington Ltd,0.06,REDINGTON,REDINGTON.NS,Redington Limited
392,RELIANCE INFRASTRUCTURE LTD,5.19,RELIANCE,RELIANCE.NS,Reliance Industries Limited
393,Restaurant Brands Asia Ltd,0.02,RBA,RBA.NS,Restaurant Brands Asia Limited
394,RHI Magnesita India Ltd,0.02,RHIM,RHIM.NS,RHI Magnesita India Limited
395,RITES Ltd,0.02,RITES,RITES.NS,RITES Limited
396,Route Mobile Ltd,0.01,ROUTE,ROUTE.NS,Route Mobile Limited
397,Safari Industries (India) Ltd,0.03,SAFARI,SAFARI.NS,Safari Industries (India) Limited
398,Sammaan Capital Ltd,0.05,SAMMAANCAP,SAMMAANCAP.NS,Sammaan Capital Limited
399,Samvardhana Motherson International Ltd,0.29,MOTHERSON,MOTHERSON.NS,Samvardhana Motherson International Limited
400,Sanofi India Ltd,0.03,SANOFI,SANOFI.NS,Sanofi India Limited
401,Sapphire Foods India Ltd,0.04,SAPPHIRE,SAPPHIRE.NS,Sapphire Foods India Limited
402,Saregama India Ltd,0.02,SAREGAMA,SAREGAMA.NS,Saregama India Limited
403,SBFC Finance Ltd,0.02,SBFC,SBFC.NS,SBFC Finance Limited
404,SBI Cards and Payment Services Ltd,0.12,SBICARD,SBICARD.NS,SBI Cards and Payment Services Limited
405,SBI Life Insurance Company Ltd,0.4,SBILIFE,SBILIFE.NS,SBI Life Insurance Company Limited
406,Schaeffler India Ltd,0.08,SCHAEFFLER,SCHAEFFLER.NS,Schaeffler India Limited
407,Schneider Electric Infrastructure Ltd,0.02,SCHNEIDER,SCHNEIDER.NS,Schneider Electric Infrastructure Limited
408,Shree Cement Ltd,0.13,SHREECEM,SHREECEM.NS,Shree Cement Limited
409,Shree Renuka Sugars Ltd,0.02,RENUKA,RENUKA.NS,Shree Renuka Sugars Limited
410,Shriram Finance Ltd,0.46,SHRIRAMFIN,SHRIRAMFIN.NS,Shriram Finance Limited
411,Shyam Metalics and Energy Ltd,0.03,SHYAMMETL,SHYAMMETL.NS,Shyam Metalics and Energy Limited
412,Siemens Ltd,0.31,SIEMENS,SIEMENS.NS,Siemens Limited
413,Signatureglobal (India) Ltd,0.02,SIGNATURE,SIGNATURE.NS,Signatureglobal (India) Limited
414,SJVN Ltd,0.05,SJVN,SJVN.NS,SJVN Limited
415,SKF India Ltd,0.07,SKFINDIA,SKFINDIA.NS,SKF India Limited
416,Sobha Ltd,0.04,SOBHA,SOBHA.NS,Sobha Limited
417,Solar Industries India Ltd,0.14,SOLARINDS,SOLARINDS.NS,Solar Industries India Limited
418,Sona BLW Precision Forgings Ltd,0.17,SONACOMS,SONACOMS.NS,Sona BLW Precision Forgings Limited
419,Sonata Software Ltd,0.06,SONATSOFTW,SONATSOFTW.NS,Sonata Software Limited
420,SRF Ltd,0.18,SRF,SRF.NS,SRF Limited
421,Star Health and Allied Insurance Company Ltd,0.07,STARHEALTH,STARHEALTH.NS,Star Health and Allied Insurance Company Limited
422,"STATE BANK OF INDIA,",1.54,SBIN,SBIN.NS,State Bank of India
423,Steel Authority of India Ltd,0.1,SAIL,SAIL.NS,Steel Authority of India Limited
424,Sterling and Wilson Renewable Energy Ltd,0.04,SWSOLAR,SWSOLAR.NS,Sterling and Wilson Renewable Energy Limited
425,Sterlite Technologies Ltd,0.02,STLTECH,STLTECH.NS,Sterlite Technologies Limited
426,Sumitomo Chemical India Ltd,0.04,SUMICHEM,SUMICHEM.NS,Sumitomo Chemical India Limited
427,Sun Pharma Advanced Research Co Ltd,0.01,SPARC,SPARC.NS,Sun Pharma Advanced Research Company Limited
428,SUN PHARMACEUTICAL INDUSTRIES LTD.,1.02,SUNPHARMA,SUNPHARMA.NS,Sun Pharmaceutical Industries Limited
429,Sunteck Realty Ltd,0.02,SUNTECK,SUNTECK.NS,Sunteck Realty Limited
430,Sun Tv Network Ltd,0.04,SUNTV,SUNTV.NS,Sun TV Network Limited
431,Sundaram Finance Ltd,0.28,SUNDARMFIN,SUNDARMFIN.NS,Sundaram Finance Limited
432,Sundram Fasteners Ltd,0.08,SUNDRMFAST,SUNDRMFAST.NS,Sundram Fasteners Limited
433,Supreme Industries Ltd,0.16,SUPREMEIND,SUPREMEIND.NS,The Supreme Industries Limited
434,Suven Pharmaceuticals Ltd,0.06,SUVENPHAR,SUVENPHAR.NS,Suven Pharmaceuticals Limited
435,Suzlon Energy Ltd,0.43,SUZLON,SUZLON.NS,Suzlon Energy Limited
436,Swan Energy Ltd,0.04,SWANENERGY,SWANENERGY.NS,Swan Energy Limited
437,Syngene International Ltd,0.08,SYNGENE,SYNGENE.NS,Syngene International Limited
438,Syrma SGS Technology Ltd,0.01,SYRMA,SYRMA.NS,Syrma SGS Technology Limited
439,Tamilnad Mercantile Bank Ltd,0.03,TMB,TMB.NS,Tamilnad Mercantile Bank Limited
440,Tanla Platforms Ltd,0.03,TANLA,TANLA.NS,Tanla Platforms Limited
441,Tata Chemicals Ltd,0.08,TATACHEM,TATACHEM.NS,Tata Chemicals Limited
442,Tata Communications Ltd,0.11,TATACOMM,TATACOMM.NS,Tata Communications Limited
443,TATA CONSULTANCY SERVICES LTD.,2.31,TCS,TCS.NS,Tata Consultancy Services Limited
444,Tata Consumer Products Ltd,0.42,TATACONSUM,TATACONSUM.NS,Tata Consumer Products Limited
445,Tata Elxsi Ltd,0.14,TATAELXSI,TATAELXSI.NS,Tata Elxsi Limited
446,Tata Investment Corporation Ltd,0.05,TATAINVEST,TATAINVEST.NS,Tata Investment Corporation Limited
447,TATA MOTORS LTD.,1.05,TATAMOTORS,TATAMOTORS.NS,Tata Motors Limited
448,Tata Power Company Ltd,0.39,TATAPOWER,TATAPOWER.NS,The Tata Power Company Limited
449,TATA STEEL LIMITED,0.64,TATASTEEL,TATASTEEL.NS,Tata Steel Limited
450,Tata Technologies Ltd,0.06,TATATECH,TATATECH.NS,Tata Technologies Limited
451,Tata Teleservices (Maharashtra) Ltd,0.02,TTML,TTML.NS,Tata Teleservices (Maharashtra) Limited
452,Tech Mahindra Ltd,0.52,TECHM,TECHM.NS,Tech Mahindra Limited
453,Tejas Networks Ltd,0.05,TEJASNET,TEJASNET.NS,Tejas Networks Limited
454,Thermax Limited,0.08,THERMAX,THERMAX.NS,Thermax Limited
455,Timken India Ltd,0.07,TIMKEN,TIMKEN.NS,Timken India Limited
456,Titagarh Rail Systems Ltd,0.05,TITAGARH,TITAGARH.NS,Titagarh Rail Systems Limited
457,TITAN COMPANY LIMITED,0.71,TITAN,TITAN.NS,Titan Company Limited
458,Torrent Pharmaceuticals Ltd,0.17,TORNTPHARM,TORNTPHARM.NS,Torrent Pharmaceuticals Limited
459,Torrent Power Ltd,0.17,TORNTPOWER,TORNTPOWER.NS,Torrent Power Limited
460,TRENT LTD [LAKME LTD],0.77,TRENT,TRENT.NS,Trent Limited
461,Trident Ltd,0.02,TRIDENT,TRIDENT.NS,Trident Limited
462,Triveni Engineering and Industries Ltd,0.02,TRITURBINE,TRITURBINE.NS,Triveni Turbine Limited
463,Triveni Turbine Ltd,0.04,TRIVENI,TRIVENI.NS,Triveni Engineering & Industries Limited
464,Tube Investments of India Ltd,0.22,TIINDIA,TIINDIA.NS,Tube Investments of India Limited
465,TV18 Broadcast Ltd,0.02,TV18BRDCST,TV18BRDCST.NS,TV18 Broadcast Limited
466,TVS Motor Company Ltd,0.34,TVSMOTOR,TVSMOTOR.NS,TVS Motor Company Limited
467,TVS Supply Chain Solutions Ltd,0.02,TVSSCS,TVSSCS.NS,TVS Supply Chain Solutions Limited
468,UCO Bank,0.01,UCOBANK,UCOBANK.NS,UCO Bank
469,Ujjivan Small Finance Bank Ltd,0.04,UJJIVANSFB,UJJIVANSFB.NS,Ujjivan Small Finance Bank Limited
470,ULTRATECH CEMENT LTD,0.67,ULTRACEMCO,ULTRACEMCO.NS,UltraTech Cement Limited
471,Union Bank of India Ltd,0.12,UNIONBANK,UNIONBANK.NS,Union Bank of India
472,United Breweries Ltd,0.07,UBL,UBL.NS,United Breweries Limited
473,United Spirits Ltd,0.24,UNITDSPR,UNITDSPR.NS,Name not found
474,UNO Minda Ltd,0.1,UNOMINDA,UNOMINDA.NS,Uno Minda Limited
475,UPL Ltd,0.16,UPL,UPL.NS,UPL Limited
476,Usha Martin Ltd,0.04,USHAMART,USHAMART.NS,Usha Martin Limited
477,UTI Asset Management Company Ltd,0.06,UTIAMC,UTIAMC.NS,UTI Asset Management Company Limited
478,V Guard Industries Ltd,0.04,VGUARD,VGUARD.NS,V-Guard Industries Limited
479,V I P Industries Ltd,0.03,VIPIND,VIPIND.NS,V.I.P. Industries Limited
480,Vaibhav Global Ltd,0.01,VAIBHAVGBL,VAIBHAVGBL.NS,Vaibhav Global Limited
481,Vardhman Textiles Ltd,0.03,VTL,VTL.NS,Vardhman Textiles Limited
482,Varroc Engineering Ltd,0.01,VARROC,VARROC.NS,Varroc Engineering Limited
483,Varun Beverages Ltd,0.41,VBL,VBL.NS,Varun Beverages Limited
484,Vedant Fashions Ltd,0.04,MANYAVAR,MANYAVAR.NS,Vedant Fashions Limited
485,Vedanta Ltd,0.38,VEDL,VEDL.NS,Vedanta Limited
486,Vijaya Diagnostic Centre Ltd,0.02,VIJAYA,VIJAYA.NS,Vijaya Diagnostic Centre Limited
487,Vodafone Idea Ltd,0.17,IDEA,IDEA.NS,Vodafone Idea Limited
488,Voltas Ltd,0.22,VOLTAS,VOLTAS.NS,Voltas Limited
489,Welspun Corp Ltd,0.04,WELCORP,WELCORP.NS,Welspun Corp Limited
490,Welspun Living Ltd,0.02,WELSPUNLIV,WELSPUNLIV.NS,Welspun Living Limited
491,Westlife Foodworld Ltd,0.02,WESTLIFE,WESTLIFE.NS,Westlife Foodworld Limited
492,Whirlpool of India Ltd,0.07,WHIRLPOOL,WHIRLPOOL.NS,Whirlpool of India Limited
493,Wipro Ltd,0.4,WIPRO,WIPRO.NS,Wipro Limited
494,Yes Bank Ltd,0.22,YESBANK,YESBANK.NS,Yes Bank Limited
495,Zee Entertainment Enterprises Ltd,0.06,ZEEL,ZEEL.NS,Zee Entertainment Enterprises Limited
496,Zensar Technologies Ltd,0.08,ZENSARTECH,ZENSARTECH.NS,Zensar Technologies Limited
497,ZF Commercial Vehicle Control Systems India Ltd,0.05,ZFCVINDIA,ZFCVINDIA.NS,ZF Commercial Vehicle Control Systems India Limited
498,ZOMATO LIMITED,0.91,ZOMATO,ZOMATO.NS,Zomato Limited
499,Zydus Lifesciences Ltd,0.14,ZYDUSLIFE,ZYDUSLIFE.NS,Zydus Lifesciences Limited
